CountNormalized2;CommonElements;IncorrectlyGenerated;MissingElements;CommonPercentage;Minimal diagnosis - GPT
4;0;4;0;0,0;"M2, A2
M2, M3
M1
A1"
4;4;0;0;1,0;"A2
M3
M2, M1
M2, A1"
4;4;0;0;1,0;"M2, A2
M2, M3
M1
A1"
5;5;0;0;1,0;"M1, A2
M1, M3
A1, A2
M2
A1, M3"
8;8;0;0;1,0;"M1, A2
M2, A2
M2, M3
M1, M3
A1, A2
M2, M1
M2, A1
A1, M3"
0;0;0;0;1,0;
3;3;0;0;1,0;"A3
A4
A6"
4;4;0;0;1,0;"A5
A1
A2
A7"
12;12;0;0;1,0;"A3, A2
A6, A2
A4, A5
A6, A7
A4, A2
A3, A7
A4, A7
A6, A1
A3, A5
A3, A1
A6, A5
A4, A1"
0;0;0;0;1,0;
4;4;0;0;1,0;"M5
M7
M1
M2"
3;3;0;0;1,0;"M6
M4
M3"
12;12;0;0;1,0;"M4, M2
M3, M1
M3, M5
M3, M7
M6, M7
M6, M1
M4, M7
M3, M2
M6, M5
M4, M1
M4, M5
M6, M2"
0;0;0;0;1,0;
3;3;0;0;1,0;"A4
A2
M2"
12;12;0;0;1,0;"A4, A3
A2, M3
M2, M3
A2, M1
A2, A3
A2, A1
A4, M3
M2, M1
A4, M1
M2, A1
A4, A1
M2, A3"
4;4;0;0;1,0;"A3
A1
M1
M3"
0;0;0;0;1,0;
9;9;0;0;1,0;"A2, M4
A2, M3
M2, M3
A4
A2, A3
M2, M4
M1
M2, A3
A1"
9;9;0;0;1,0;"A3
M2, A4
A2, M1
M3
A2, A1
M2, M1
M4
A2, A4
M2, A1"
21;21;0;0;1,0;"A2, M4
M2, M3
A4, M3
M2, A1
M2, A4
M1, M3
A1, A3
M2, M1
M2, A3
A4, A3
A2, M3
A1, M4
M2, M4
A2, A1
A4, M4
A2, A4
M1, A3
A2, A1
A2, A3
M1, M4
A1, M3"
0;0;0;0;1,0;
5;5;0;0;1,0;"M4, A1
M4, A2
M3
M4, M1
M4, M2"
5;5;0;0;1,0;"M3, M1
M3, A1
M4
M3, M2
M3, A2"
5;5;0;0;1,0;"A2
M3, M4
M1
A1
M2"
0;0;0;0;1,0;
21;21;0;0;1,0;"A5, M3
A6, A4, A3
A5, A1
A6, A1, M2
A6, A4, M2
A6, A1, A3
A5, A4
A6, A1, M4
A6, A4, M4
A5, M1
A6, M1, M2
A6, M3, A2
A6, M1, A3
A6, M1, M4
A6, A1, A2
A6, A4, A2
M5
A6, M3, M2
A6, M3, A3
A6, M1, A2
A6, M3, M4"
9;9;0;0;1,0;"A5
M5, M1
M5, A1
A6, M4
M5, A4
A6, M2
A6, A3
A6, A2
M5, M3"
21;21;0;0;1,0;"A6
M5, M4, M3
A5, M2
A5, A3
M5, A3, M3
M5, M4, A1
M5, A3, A1
M5, M4, A4
M5, M2, M3
M5, A3, A4
A5, M4
M5, M2, A1
M5, M4, M1
M5, M2, A4
M5, A3, M1
M5, A2, M3
M5, M2, M1
M5, A2, A1
M5, A2, A4
A5, A2
M5, A2, M1"
45;45;0;0;1,0;"M5, A6, A4
A6, A4, A3
A6, M1, A5
M5, A6, M1
A5, A1, A2
A6, A1, M2
A6, A1, A3
A6, A4, M2
M5, A2
A5, M3, M2
A5, M3, A3
A6, A1, M4
A5, A4, A2
A6, A4, M4
A6, M1, M2
A5, M1, A2
A6, M3, A2
A6, M1, A3
A5, M3, M4
A6, M1, M4
M5, M2
M5, A3
A5, A1, M2
A6, M3, A5
A5, A1, A3
A6, A1, A2
A6, A4, A2
A5, A4, A3
A5, A1, M4
A5, A4, M2
A5, M1, M2
M5, M4
A5, M1, A3
A5, M3, A2
A6, M3, M2
A6, M3, A3
M5, A6, M3
A5, A4, M4
A6, M1, A2
A6, A1, A5
A6, A4, A5
M5, A6, A1
A5, M1, M4
A6, M3, M4
M5, A6, A5"
29;29;0;0;1,0;"A5, M3
A6, A4, A3
A5, A1
A6, A1, M2
A6, A4, M2
A6, A1, A3
A5, A4
M5, A6, M2
M5, A6, A3
M5, M3
A6, A1, M4
A6, A4, M4
A5, M1
M5, A5
M5, A1
A6, M1, M2
A6, M3, A2
A6, M1, A3
M5, A6, M4
M5, A4
A6, M1, M4
M5, M1
A6, A1, A2
A6, A4, A2
M5, A6, A2
A6, M3, M2
A6, M3, A3
A6, M1, A2
A6, M3, M4"
25;25;0;0;1,0;"M1, A6, A5
A4, A2
M5, A6
A1, A6, A5
M3, M2
M3, A3
M1, A2
M5, M4, A5
A1, M2
M3, M4
A1, A3
M5, A3, A5
A4, M2
A4, A3
M5, M2, A5
A1, M4
A4, A6, A5
A4, M4
M1, M2
M3, A2
M1, A3
M3, A6, A5
M5, A2, A5
A1, A2
M1, M4"
9;5;4;4;0,5555555555555556;"A3
A2
A6, A4
A6, M3
A6, A5
A6, M1
A6, A1
M4
M2"
0;0;0;0;1,0;
49;49;0;0;1,0;"A5, M3
M2, A2
M1, M5, A4
M2, M9
A1, M5, A4
M2, M3
M2, M5, M8
M7, A3
A5, M5, A6
M2, A5
M2, A1
M2, M5, A4
M1, A2
M7, M5, A6
A5, M5, M8
M1, M9
A5, A3
M7, M4
M1, M3
A1, A3
M2, M1
M1, M5, M6
M7, M5, M8
M2, A3
A5, M5, A4
A1, M5, M6
A5, M4
A1, M4
M7, M5, A4
M2, M7
M2, M4
M2, M5, M6
M1, M5, A6
M7, M5, M6
M7, A2
M7, M9
M1, A3
A1, M5, A6
M7, M3
A5, M5, M6
M1, M5, M8
A1, A2
A5, A2
A5, M9
M1, M4
A1, M5, M8
A1, M9
M2, M5, A6
A1, M3"
37;36;1;10;0,782608695652174;"A5, M3
M1, M5, A4
A1, M5, A4
M7, A3
A5, M5, A6
M1, A2
M7, M5, A6
A5, M5, M8
M1, M9
A5, A3
M7, M4
M1, M3
A1, A3
M1, M5, M6
M7, M5, M8
A1, M5, M6
A5, M5, A4
M2
A5, M4
A1, M4
A1, M3
M7, M5, A4
M1, M5, A6
M1, A3
M7, A2
M7, M9
A1, M5, A6
M7, M3
A5, M5, M6
M1, M5, M8
A1, A2
A5, A2
A5, M9
M1, M4
A1, M5, M8
A1, M9
M7, M5, M6"
113;111;2;54;0,6727272727272727;"M1, M5, A4
M2, M5, M8
M2, M5, A1
M2, A4, M3
A5, M5, A2
A5, M5, A6
M7, A6, A3
M1, M5, A3
M2, A4, A5
A5, M6, M9
M1, A4, M4
M1, A6, A3
M7, A6, M4
A5, M6, M3
A1, M6, M4
M1, M5, M4
M2, M5, M1
M2, A6, A2
M7, M6, A2
M1, M8, M9
M7, M5, M9
M7, M5, M3
A5, M5, A4
M2, M5, M7
A5, M8, M4
A5, M5, A3
M2, M5, M6
M1, A4, M9
M1, A4, M3
A1, M6, M9
A1, M6, M3
M7, A4, A3
M2, A6, A3
M7, M6, A3
M1, M5, M8
A1, M6, M9
M2, A6, A4
M7, M6, M4
A1, M6, M3
A5, A6, A2
M2, M6, M4
M7, M8, A3
A1, A4, A2
M2, M8, A2
M2, A6, M1
A1, M5, A2
M7, A6, M9
A1, M5, A6
M1, M6, A2
M1, M5, M9
M7, A6, M3
A5, M5, M4
M1, M5, M3
A5, M5, M6
M1, A6, M9
M1, A6, M3
M2, A6, M7
M7, A4, M4
M2, A4, A2
A5, A4, A3
A1, M6, A2
M1, M5, A6
A5, M6, A3
A1, M5, M9
M1, M8, A3
A1, M8, A2
M2, M5, A2
M2, M5, A6
M2, A4, M9
M2, M6, M9
M2, M6, M3
M1, A4, A3
M2, M8, A1
M7, M8, M9
A1, M6, A3
M7, M8, M3
M2, A4, A1
M2, M6, A5
M2, M5, A4
A5, A4, A2
M2, M8, A2
M1, M8, A2
A1, M8, A2
A1, M5, M4
A5, M8, A3
M2, M5, A3
M2, A4, M1
M7, M5, M8
A1, M5, A6
A1, A6, M4
M7, A4, M3
M2, M5, M4
M2, A4, M7
A5, A6, M9
A5, A6, M3
M7, A6, A2
M1, M5, A2
M2, M8, M9
A1, A4, M3
M1, A6, A2
M2, M8, M3
A1, M5, M9
M1, M6, M9
A5, A4, M4
A1, M5, A3
A1, M8, A3
A5, M6, M4
M1, M6, M3
M2, M8, A5
A1, M5, A8
M1, M8, M4
A1, M8, M4
M7, M5, M6"
37;37;0;0;1,0;"A4, A2
M8, A3
M6, M9
M6, A2
M8, M2, M1
A4, M9
M6, M3
A6, M2, M1
A4, M3
A6, A2
M8, M4
A4, M2, A1
A6, M9
M8, M2, M7
M6, M2, A5
M6, M2, A1
A4, M2, A5
A6, M3
A6, M2, M7
M6, M2, M1
A4, M2, M1
M6, A3
A4, A3
M8, A2
A4, M4
M8, M9
M6, M4
M5
M8, M3
A6, A3
M6, M2, M7
A4, M2, M7
A6, M4
M8, M2, A5
M8, M2, A1
A6, M2, A5
A6, M2, A1"
13;13;0;0;1,0;"A2
M9
M5, A6
M3
M2, A5
M2, A1
M5, M8
M5, A4
M2, M1
A3
M2, M7
M4
M5, M6"
49;49;0;0;1,0;"A4, A2
M8, A3
M6, M9
M6, A2
M8, M2, M1
M5, M2, M7
A4, M9
M6, M3
A6, M2, M1
M5, A6
A4, M3
M5, A2
M5, M9
A6, A2
M8, M4
M5, M3
A4, M2, A1
A6, M9
M8, M2, M7
M6, M2, A5
M6, M2, A1
A4, M2, A5
A6, M3
M5, M8
A6, M2, M7
M5, A4
M6, M2, M1
A4, M2, M1
M6, A3
A4, A3
M5, M2, A5
M5, M2, A1
M5, A3
M8, A2
A4, M4
M8, M9
M6, M4
M8, M3
A6, A3
M6, M2, M7
A4, M2, M7
M5, M4
M5, M2, M1
A6, M4
M5, M6
M8, M2, A5
M8, M2, A1
A6, M2, A5
A6, M2, A1"
94;93;1;0;1,0;"M7, A6, A3
M1, A4, M4
A5, M6, M9
M1, A6, A3
M7, A6, M4
A5, M6, M3
A1, M6, M4
M7, M6, A2
M1, M8, M9
M7, M5
A1, M5
A5, M8, M4
M1, A4, M9
M1, A4, M3
A1, M6, M9
A1, M6, M3
M7, A4, A3
M7, M6, A3
A1, A6, M9
M7, M6, M4
M2, A6
A1, A6, M3
A5, M8, M9
M2, M5, M9
A5, M8, M3
M2, M5, M3
M7, M8, A2
A1, A4, A3
M2, A4
A5, A4, M9
A5, A4, M3
M7, A4, A2
A1, M8, M9
M1, A6, M4
M1, M8, M3
A1, M8, A3
M7, M8, A3
A5, M5
A5, A6, A2
M7, M8, M4
A1, A4, A2
M7, A6, M9
M1, M6, A2
M7, A6, M3
M1, A6, M9
M1, A6, M3
M1, M5
M7, A4, M4
A5, A6, A3
A5, A6, M4
A5, M6, A2
M1, M6, A3
A1, A4, M4
A1, A6, A3
M1, M6, M4
M7, A4, M9
M7, M6, M9
M7, M6, M3
M1, A4, A2
A5, A4, A3
A1, M6, A2
A5, M6, A3
A1, A4, M9
M1, M8, A3
A1, A6, A2
A5, M8, A2
M2, M5, A2
M1, A4, A3
M7, M8, M9
A1, M6, A3
M2, M8
M7, M8, M3
A5, A4, A2
M1, M8, A2
A1, M8, A2
A5, M8, A3
M2, M5, A3
A1, M6, M4
M7, A4, M3
M2, M5, M4
A5, A6, M9
A5, A6, M3
M2, M6
M7, A6, A2
A1, A4, M3
M1, A6, A2
M1, M6, M9
A5, A4, M4
A1, M5, A3
A1, M8, A3
A5, M6, M4
M1, M6, M3
M1, M8, M4
A1, M8, M4"
0;0;0;0;1,0;
1;1;0;0;1,0;A1
0;0;0;0;1,0;
3;3;0;0;1,0;"A1
A2
O1"
0;0;0;0;1,0;
4;4;0;0;1,0;"O2, A2
O1
O2, O3
A1"
4;4;0;0;1,0;"A2
O2, O1
O2, A1
O3"
5;5;0;0;1,0;"O2
A1, O3
O1, O3
A1, A2
O1, A2"
0;0;0;0;1,0;
3;3;0;0;1,0;"A3
A4
A6"
4;4;0;0;1,0;"A5
A1
A2
A7"
12;12;0;0;1,0;"A3, A2
A6, A2
A4, A5
A6, A7
A4, A2
A3, A7
A4, A7
A6, A1
A3, A5
A3, A1
A6, A5
A4, A1"
0;0;0;0;1,0;
3;3;0;0;1,0;"O6
O3
O4"
4;4;0;0;1,0;"O1
O5
O7
O2"
12;12;0;0;1,0;"O4, O7
O3, O7
O4, O2
O6, O7
O6, O2
O3, O2
O4, O1
O3, O1
O4, O5
O6, O1
O6, O5
O3, O5"
0;0;0;0;1,0;
3;3;0;0;1,0;"A4
A2
O2"
4;4;0;0;1,0;"A3
A1
O1
O3"
12;12;0;0;1,0;"A4, O3
A4, A3
O2, O1
A2, O3
A4, O1
A2, A3
A2, A1
O2, O3
O2, A1
A4, A1
O2, A3
A2, O1"
0;0;0;0;1,0;
5;5;0;0;1,0;"A2
O2
A4
O1
A1"
9;9;0;0;1,0;"A3
O4
O2, A4
O2, O1
A2, A1
A2, A4
O2, A1
O3
A2, O1"
21;21;0;0;1,0;"O2, A4
A2, O3
O1, A3
A1, O4
O2, A3
A4, O4
O2, O1
O1, O3
A1, A3
O2, O3
A4, A3
A1, O3
A2, A1
A2, O4
A2, A4
A4, O3
A2, A3
O1, O4
O2, A1
O2, O4
A2, O1"
0;0;0;0;1,0;
5;5;0;0;1,0;"O4, A1
O4, O2
O4, A2
O4, O1
O3"
5;5;0;0;1,0;"O3, A1
O4
O3, A2
O3, O2
O3, O1"
9;9;0;0;1,0;"O4, A1
O3, A1
O4, O2
O3, O4
O4, A2
O3, A2
O3, O2
O4, O1
O3, O1"
0;0;0;0;1,0;
21;21;0;0;1,0;"A6, A4, A3
A5, A1
A6, A4, O2
A6, A1, A3
A5, A4
A6, A1, O2
A6, O3, A2
O5
A6, O1, A2
A5, O1
A5, O3
A6, O3, O4
A6, O1, O4
A6, A1, A2
A6, A4, A2
A6, O3, A3
A6, A1, O4
A6, O1, A3
A6, A4, O4
A6, O3, O2
A6, O1, O2"
29;29;0;0;1,0;"O5, O3
A5, A1
A6, A4, A3
A6, A4, O2
A6, A1, A3
A5, A4
O5, A6, O4
A6, A1, O2
A6, O3, A2
A6, O1, A2
O5, A6, A3
O5, A6, O2
A5, O1
O5, A1
A5, O3
A6, O3, O4
O5, A5
A6, O1, O4
A6, A1, A2
A6, A4, A2
O5, A4
A6, O3, A3
A6, A1, O4
A6, A4, O4
A6, O1, A3
A6, O3, O2
O5, A6, A2
O5, O1
A6, O1, O2"
57;57;0;0;1,0;"A5, O3, O4
O5, O4, A1
A6, A4, A3
O5, O4, A5
A5, O1, O4
A5, A1, A2
A6, A1, A3
O5, A2, A1
A6, A4, O2
O5, O4, A4
A6, A1, O2
O5, A2, A5
A5, O3, A3
A5, A4, A2
O5, A2, A4
A5, O3, O2
A5, O1, A3
O5, A6
A5, A1, O4
A5, O1, O2
A6, O3, A2
A6, O1, A2
O5, O4, O1
O5, A3, A1
A5, A4, O4
O5, A3, A5
O5, O2, A5
O5, A2, O1
O5, O2, A1
O5, A3, A4
O5, O4, O3
O5, O2, A4
A5, A1, A3
A6, O3, A5
A6, O3, O4
A5, A1, O2
A6, O1, A5
A6, A1, A2
A6, A4, A2
O5, A2, O3
A5, A4, A3
A6, O1, O4
A5, A4, O2
A5, O3, A2
O5, A3, O1
A6, A3, O3
A5, O1, A2
A6, A1, A5
O5, O2, O1
A6, A1, O4
A6, A4, A5
A6, A4, O4
A6, O1, A3
A6, O3, O2
A6, O1, O2
O5, A3, O3
O5, O2, O3"
9;9;0;0;1,0;"A3
A2
A6, A4
A6, O1
O2
O4
A6, A5
A6, A1
A6, O3"
9;9;0;0;1,0;"A5
A6, O2
A6, O4
A6, A3
A4
O1
A1
A6, A2
O3"
20;20;0;1;0,9523809523809523;"A6
O5, O4, A1
A5, O4
O5, A2, A1
O5, O4, A4
O5, A2, A4
A5, A3
A5, O2
O5, O4, O1
O5, A3, A1
O5, A2, O1
O5, O2, A1
O5, A3, A4
O5, O4, O3
O5, O2, A4
O5, A2, O3
O5, A3, O1
O5, O2, O1
A5, A2
O5, A3, O3"
45;45;0;0;1,0;"A5, O3, O4
A6, A4, A3
A5, O1, O4
A5, A1, A2
O5, A6, A1
A6, A1, A3
A6, A4, O2
O5, A6, A5
A6, A1, O2
O5, A6, A4
A5, O3, A3
A5, A4, A2
A5, O3, O2
A5, O1, A3
A5, A1, O4
A5, O1, O2
A6, O3, A2
O5, A2
A6, O1, A2
A5, A4, O4
O5, A6, O1
A5, A1, A3
O5, O4
A6, O3, A5
A6, O3, O4
A5, A1, O2
A6, O1, A5
A6, A1, A2
A6, A4, A2
A6, O1, O4
A5, A4, A3
O5, A6, O3
A5, A4, O2
A5, O3, A2
A6, O3, A3
O5, A3
A5, O1, A2
A6, A1, A5
A6, A1, O4
O5, O2
A6, A4, A5
A6, A4, O4
A6, O1, A3
A6, O3, O2
A6, O1, O2"
0;0;0;0;1,0;
5;5;0;0;1,0;"A5
O2
O1
A1
O7"
49;49;0;0;1,0;"A5, O9
A5, O5, A4
A5, O5, O6
A1, O9
O7, O5, A6
O2, A5
O2, O5, A6
O7, A3
A5, O4
O1, A3
A1, O4
O2, A3
O1, O5, O8
A1, O5, A4
O2, O1
A5, A3
O7, O3
O7, O5, A4
O1, O3
A1, A3
A1, O5, O6
O2, O5, A4
O2, O3
O7, O5, O6
O2, O5, O6
O2, O7
O1, O5, A6
A5, O5, O8
A5, O3
A1, O3
O7, A2
O1, A2
A5, O5, A6
O1, O5, A4
O2, A2
O7, O9
A1, O5, O8
O1, O9
O2, O5, O8
O1, O5, O6
O2, O9
O7, O5, O8
O1, O4
A1, A2
A5, A2
O7, O4
O2, A1
O2, O4
A1, O5, A6"
29;29;0;0;1,0;"O7, O5
O7, O6
O1, O5
O2, A4
O2, O5, A2
O2, O6
A5, A4
A1, A4
O2, O5, O9
A5, O5
A5, O6
A1, O5
A1, O6
O2, O5, O4
O7, O8
O1, O8
O2, O8
O2, O5, A3
O7, A6
A1, O8
A5, O8
O1, A6
O2, A6
O2, O5, O3
A5, A6
A1, A6
O7, A4
O1, A4
O1, O6"
49;49;0;0;1,0;"O8, O2, O7
O6, O2, A5
A4, A2
A6, O2, O1
O6, O2, A1
O5, O3
O5, O8
O6, A2
A4, O2, A1
A4, O9
O8, A2
A6, O2, O7
A6, A2
A4, O2, A5
O6, O9
A4, O4
O5, A6
O8, O9
O5, A2
A6, O9
O6, O4
O6, O2, O1
A6, O4
O5, O9
O8, O4
O5, O2, A5
O5, O2, A1
A4, A3
O6, O2, O7
O8, O2, A5
O8, O2, A1
O6, A3
A4, O2, O1
O5, O4
O5, A4
O8, A3
A6, O2, A1
A6, A3
O5, O6
A4, O2, O7
A6, O2, A5
A4, O3
O6, O3
O5, A3
O5, O2, O7
O5, O2, O1
O8, O3
O8, O2, O1
A6, O3"
13;13;0;0;1,0;"A2
O5, O8
O9
O4
O2, O1
O5, A6
O2, O7
A3
O5, A4
O5, O6
O3
O2, A1
O2, A5"
5;5;0;0;1,0;"O8
A6
A4
O5
O6"
29;0;29;153;0,0;"O7, O5
O7, O6
O1, O5
O2, A4
O2, O5, A2
O2, O6
A5, A4
A1, A4
O2, O5, O9
A5, O5
A5, O6
A1, O5
A1, O6
O2, O5, O4
O7, O8
O1, O8
O2, O8
O2, O5, A3
O7, A6
A1, O8
A5, O8
O1, A6
O2, A6
O2, O5, O3
A5, A6
A1, A6
O7, A4
O1, A4
O1, O6"
0;0;0;0;1,0;
4;4;0;0;1,0;"M2, M3
M2, M4
M1
A1"
4;4;0;0;1,0;"M3
M2, M1
M4
M2, A1"
8;8;0;0;1,0;"A1, M4
M2, M3
M1, M3
M2, M4
M1, M4
M2, M1
M2, A1
A1, M3"
0;0;0;0;1,0;
4;4;0;0;1,0;"O4
O2, O1
O2, A1
O3"
3;3;0;0;1,0;"A1
O1
O2"
8;8;0;0;1,0;"O2, O1
A1, O3
O1, O3
O1, O4
O2, O3
A1, O4
O2, A1
O2, O4"
0;0;0;0;1,0;
3;3;0;0;1,0;"NA1
NO2
NX1"
0;0;0;0;1,0;
1;1;0;0;1,0;A1
0;0;0;0;1,0;
3;3;0;0;1,0;"A1
A2
M1"
